-- phpMyAdmin SQL Dump
-- version 5.2.1
-- https://www.phpmyadmin.net/
--
-- Servidor: 127.0.0.1
-- Tiempo de generación: 29-05-2025 a las 20:14:06
-- Versión del servidor: 10.4.32-MariaDB
-- Versión de PHP: 8.1.25

SET SQL_MODE = "NO_AUTO_VALUE_ON_ZERO";
START TRANSACTION;
SET time_zone = "+00:00";


/*!40101 SET @OLD_CHARACTER_SET_CLIENT=@@CHARACTER_SET_CLIENT */;
/*!40101 SET @OLD_CHARACTER_SET_RESULTS=@@CHARACTER_SET_RESULTS */;
/*!40101 SET @OLD_COLLATION_CONNECTION=@@COLLATION_CONNECTION */;
/*!40101 SET NAMES utf8mb4 */;

--
-- Base de datos: `oswa_inv`
--

-- --------------------------------------------------------

--
-- Estructura de tabla para la tabla `categories`
--

CREATE TABLE `categories` (
  `id` int(11) UNSIGNED NOT NULL,
  `name` varchar(60) NOT NULL
) ENGINE=InnoDB DEFAULT CHARSET=utf8 COLLATE=utf8_general_ci;

--
-- Volcado de datos para la tabla `categories`
--

INSERT INTO `categories` (`id`, `name`) VALUES
(11, '0,5%'),
(2, '1%'),
(7, '11%'),
(8, '12%'),
(9, '14%'),
(3, '2%'),
(4, '4%'),
(13, '5%'),
(5, '6%'),
(6, '8%'),
(12, 'x50'),
(10, 'XKILO');

-- --------------------------------------------------------

--
-- Estructura de tabla para la tabla `media`
--

CREATE TABLE `media` (
  `id` int(11) UNSIGNED NOT NULL,
  `file_name` varchar(255) NOT NULL,
  `file_type` varchar(100) NOT NULL
) ENGINE=InnoDB DEFAULT CHARSET=latin1 COLLATE=latin1_swedish_ci;

--
-- Volcado de datos para la tabla `media`
--

INSERT INTO `media` (`id`, `file_name`, `file_type`) VALUES
(2, 'cria levante x40.png', 'image/png'),
(5, 'LEVANTE 6.png', 'image/png'),
(6, 'CEBA LECHE 8.png', 'image/png'),
(7, 'super 11.png', 'image/png'),
(8, 'lecheex .png', 'image/png'),
(9, 'equino 8.png', 'image/png'),
(10, 'SAL LECHE.png', 'image/png'),
(11, 'PROTEINADA CEBA .png', 'image/png'),
(12, 'bloque.png', 'image/png'),
(13, 'SUPLEMENTO X40.png', 'image/png'),
(14, 'SM 40X1.png', 'image/png'),
(15, 'SM 40X5.png', 'image/png'),
(16, 'FOSFOR.jpeg', 'image/jpeg'),
(17, 'images.jpeg', 'image/jpeg'),
(18, 'verde.jpeg', 'image/jpeg'),
(19, 'sal.jpeg', 'image/jpeg');

-- --------------------------------------------------------

--
-- Estructura de tabla para la tabla `products`
--

CREATE TABLE `products` (
  `id` int(11) UNSIGNED NOT NULL,
  `name` varchar(255) NOT NULL,
  `quantity` varchar(50) DEFAULT NULL,
  `buy_price` decimal(25,2) DEFAULT NULL,
  `sale_price` decimal(25,2) NOT NULL,
  `categorie_id` int(11) UNSIGNED NOT NULL,
  `media_id` int(11) DEFAULT 0,
  `date` datetime NOT NULL
) ENGINE=InnoDB DEFAULT CHARSET=utf8 COLLATE=utf8_general_ci;

--
-- Volcado de datos para la tabla `products`
--

INSERT INTO `products` (`id`, `name`, `quantity`, `buy_price`, `sale_price`, `categorie_id`, `media_id`, `date`) VALUES
(2, 'CRIA LEVANTE X40K', '169953', 38000.00, 52500.00, 2, 2, '2025-05-14 19:31:50'),
(3, 'SABANERA X40K', '169830', 40000.00, 57750.00, 3, 0, '2025-05-14 19:38:47'),
(4, 'CRIA LEVANTE CEBA 4X40K', '165996', 45000.00, 59850.00, 4, 0, '2025-05-14 19:46:22'),
(5, 'CRIA LEVANTE CEBA 6X40', '164778', 47000.00, 61950.00, 5, 5, '2025-05-14 19:49:40'),
(6, 'CEBA LECHE X 40K', '156987', 50000.00, 64050.00, 6, 6, '2025-05-14 20:00:28'),
(7, 'SUPER LECHE X40K ', '162050', 52000.00, 66150.00, 7, 7, '2025-05-14 21:42:03'),
(9, 'EQUINO X40K', '169910', 55000.00, 68250.00, 6, 9, '2025-05-14 21:52:46'),
(10, 'CRIA LEVANTE 50X1KILO', '169768', 48000.00, 63000.00, 2, 2, '2025-05-14 22:18:14'),
(11, 'CRIA LEVANTE CEBA 50X1KILO', '169714', 52000.00, 65625.00, 4, 2, '2025-05-14 22:21:46'),
(12, 'CRIA LEVANTE CEBA 50X1K', '169772', 50000.00, 68250.00, 5, 5, '2025-05-14 22:24:25'),
(13, 'CEBA LECHE 50 X 1 KILO', '169600', 58000.00, 70875.00, 6, 6, '2025-05-14 22:25:20'),
(14, 'SUPER LECHE 50X1KILO', '169074', 60000.00, 73500.00, 7, 7, '2025-05-14 22:26:18'),
(15, 'LECHE EXPOSICION 50X1KILO', '169858', 65000.00, 76125.00, 8, 8, '2025-05-14 22:27:13'),
(16, 'EQUINO 50X1KILO', '169922', 65000.00, 81375.00, 6, 9, '2025-05-14 22:27:52'),
(17, 'CRIA LEVANTE 10X5KILOS', '169998', 50000.00, 63000.00, 2, 2, '2025-05-16 15:50:04'),
(18, 'CRIA LEVANTE CEBA 10 X 5KILOS', '169866', 55000.00, 65625.00, 4, 0, '2025-05-16 15:51:57'),
(19, 'CRIA LEVANCE CEB 10X5KILOS', '169982', 53000.00, 68250.00, 5, 5, '2025-05-16 16:04:31'),
(20, 'CEBA LECHE 10X 5KILOS', '169674', 58000.00, 70875.00, 6, 6, '2025-05-16 16:05:12'),
(21, 'SUPER LECHE 10 X 5KILOS', '169930', 60000.00, 73500.00, 7, 7, '2025-05-16 16:06:36'),
(22, 'LECHE EXPOSICION 10X5KILOS', '169770', 65000.00, 76125.00, 8, 8, '2025-05-16 16:14:36'),
(23, 'EQUINO 10X5KILOS', '170000', 68000.00, 81375.00, 6, 9, '2025-05-16 16:16:28'),
(24, 'CRIA LEVANTE MARUZA 10KILOS', '169784', 12000.00, 17850.00, 2, 2, '2025-05-16 16:19:04'),
(25, 'CRIA LEVANTE CEBA MARUZA 10KILOS', '167994', 13000.00, 18900.00, 4, 0, '2025-05-16 16:19:52'),
(26, 'CRIA LEVANTE CEBA X10KILOS (MARUZA)', '169731', 15000.00, 19950.00, 5, 5, '2025-05-16 16:22:11'),
(27, 'CEBA LECHE MARUZA 10KILOS', '169074', 15000.00, 21000.00, 6, 6, '2025-05-16 16:23:12'),
(28, 'SUPER LECHE MARUZA 10KILOS', '166338', 16500.00, 22050.00, 7, 7, '2025-05-16 16:24:16'),
(29, 'LECHE EXPOSICION MARUZA 10KILOS', '169842', 17000.00, 23100.00, 8, 8, '2025-05-16 16:25:45'),
(30, 'EQUINO MARUZA 10KILOS', '169894', 14000.00, 18900.00, 6, 9, '2025-05-16 16:26:12'),
(31, 'CRIA LEVANTE MARUZA POLIPROPILENO ', '170000', 10000.00, 15750.00, 2, 2, '2025-05-16 16:27:14'),
(32, 'CRIA LEVANTE CEBA MARUZA POLIPROPILENO ', '170000', 12000.00, 16800.00, 4, 2, '2025-05-16 16:29:15'),
(33, 'CRIA LEVANTE CEBA MARUZA POLIPRO', '170000', 12000.00, 17850.00, 5, 5, '2025-05-16 16:49:18'),
(34, 'CEBA LECHE MARUZA POLIPROPILENO', '170000', 13000.00, 18900.00, 6, 6, '2025-05-16 17:10:19'),
(35, 'SUPER LECHE MARUZA POLIPROPILENO ', '170000', 13000.00, 19950.00, 7, 7, '2025-05-16 17:10:55'),
(36, 'LECHE EXPOSICION MARUZA POLIPROPILENO', '170000', 15000.00, 21000.00, 8, 8, '2025-05-16 17:11:26'),
(37, 'SAL PROTEINADA LECHE X40KILOS', '169894', 72000.00, 94500.00, 10, 10, '2025-05-16 17:16:25'),
(38, 'SAL PROTEINADA CEBA X 40KILOS', '169606', 65000.00, 84000.00, 10, 11, '2025-05-16 17:16:47'),
(39, 'BLOQUE NUTRICIONAL EQUINO X10KILOS', '169974', 19000.00, 26250.00, 10, 12, '2025-05-16 17:40:26'),
(40, 'BLOQUE NUTRICIONAL EQUINO X20KILOS', '170000', 40200.00, 52500.00, 10, 12, '2025-05-16 17:40:53'),
(41, 'BLOQUE NUTRIONAL BOVINO X10KILOS', '169968', 18000.00, 26250.00, 10, 12, '2025-05-16 17:44:41'),
(42, 'BLOQUE NUTRIONAL BOVINO X20KILOS', '170000', 38000.00, 52500.00, 10, 12, '2025-05-16 17:45:39'),
(43, 'MELAZA 30X1KILO', '169576', 55000.00, 73500.00, 10, 0, '2025-05-16 17:46:40'),
(44, 'MELAZA 30X2KILO', '169998', 58000.00, 73500.00, 10, 0, '2025-05-16 17:47:09'),
(45, 'SUPLEMENTO MINERAL X40KILOS', '169996', 100000.00, 126000.00, 9, 13, '2025-05-16 17:50:17'),
(46, 'SUPLEMENTO MINERAL 40X1KILO', '169880', 140000.00, 168000.00, 10, 14, '2025-05-16 18:10:59'),
(47, 'SUPLEMTENTO MINERAL 10X5KILOS', '170000', 140000.00, 168000.00, 10, 15, '2025-05-16 18:11:37'),
(48, 'SULFATO DE MAGNESIO 50X1KILO', '169998', 100000.00, 136500.00, 10, 0, '2025-05-16 18:12:06'),
(49, 'CARBONATO DE CALCIO 50X1KILO', '169998', 40000.00, 57750.00, 10, 0, '2025-05-16 18:12:30'),
(50, 'AZUFRE 50X1KILO', '169952', 100000.00, 136500.00, 10, 0, '2025-05-16 18:12:57'),
(51, 'COSMOSALES X40K', '169994', 35000.00, 50400.00, 11, 0, '2025-05-16 18:16:31'),
(53, 'COSMOSALES X40KL', '169888', 45000.00, 58800.00, 5, 0, '2025-05-16 18:18:02'),
(54, 'COMOSALES X40KIL', '169938', 42000.00, 56700.00, 4, 0, '2025-05-16 18:18:59'),
(55, 'COSMOSALES X40KLO', '169876', 48000.00, 60900.00, 6, 0, '2025-05-16 18:20:06'),
(56, 'COMOSAL X40K', '169924', 50000.00, 63000.00, 7, 0, '2025-05-16 18:20:36'),
(57, 'COMOSALES MARUZAX10', '170000', 9000.00, 14175.00, 11, 0, '2025-05-16 18:21:23'),
(58, 'COSMOSAL MARUZAX10', '170000', 11000.00, 14700.00, 4, 0, '2025-05-16 18:21:54'),
(59, 'COSMOSALES MARUXA X10', '170000', 12000.00, 15225.00, 5, 0, '2025-05-16 18:22:41'),
(60, 'COSMOSAL MARU X10KLO', '169960', 13000.00, 15750.00, 6, 0, '2025-05-16 18:23:23'),
(61, 'COSMOSALES MARU X10', '170000', 13500.00, 16275.00, 7, 0, '2025-05-16 18:24:42'),
(62, 'FOSFOR CHINO', '358176', 60000.00, 75000.00, 10, 16, '2025-05-16 18:30:04'),
(64, 'LECHE EXPOSICION X40K', '164920', 55000.00, 68250.00, 8, 8, '2025-05-16 18:41:48'),
(65, 'EQUNO X5KILOS', '169996', 70000.00, 81750.00, 6, 9, '2025-05-16 22:14:41'),
(66, 'LECHE EXPOSICION X50K', '169714', 48000.00, 67800.00, 8, 8, '2025-05-19 20:17:36'),
(67, 'CRIA LEVANTE CEBA X50K', '169956', 45000.00, 65000.00, 5, 2, '2025-05-19 20:18:46'),
(68, 'OXIDO DE HIERRO ROJO ', '169998', 170000.00, 225000.00, 10, 17, '2025-05-22 15:37:53'),
(69, 'SAL CONCENTRADOS', '169980', 25000.00, 35000.00, 10, 0, '2025-05-22 16:43:09'),
(70, 'CRIA LEVANTE CEBA X50X5', '169980', 50000.00, 62500.00, 4, 5, '2025-05-22 16:50:49'),
(71, 'OXIDO DE HIERRO VERDE ', '169996', 225000.00, 280000.00, 10, 18, '2025-05-22 17:43:13'),
(72, 'SAL MARINA X50 ', '161074', 25500.00, 37000.00, 10, 19, '2025-05-22 17:50:52'),
(73, 'SAL GSP ', '169900', 110000.00, 140000.00, 13, 19, '2025-05-22 18:17:06'),
(74, 'EQUINO 50X5', '169994', 52000.00, 78000.00, 6, 9, '2025-05-22 18:54:05'),
(75, 'COSMOSAL X40K ', '169956', 30000.00, 48000.00, 5, 0, '2025-05-22 21:41:43'),
(76, 'COSMOS X40K', '169980', 40000.00, 50000.00, 6, 0, '2025-05-22 21:42:43'),
(77, 'COSMOSA', '169992', 52000.00, 63000.00, 8, 0, '2025-05-22 21:43:36'),
(78, 'SAL OVINOS Y CAPRINOS', '169956', 45000.00, 69800.00, 10, 0, '2025-05-26 19:41:07'),
(79, 'MELAZA TARRO X5', '169920', 11000.00, 15750.00, 10, 0, '2025-05-26 20:08:45'),
(80, 'CEBA LECHE X50', '169992', 65000.00, 90300.00, 6, 6, '2025-05-26 21:42:48'),
(81, 'CARBONATO DE CALCIO KG MALLA #20', '899976', 3500.00, 5000.00, 10, 0, '2025-05-29 18:27:01'),
(82, 'AZUFRE MALLA 100', '899998', 85000.00, 110000.00, 10, 0, '2025-05-29 19:00:06');

-- --------------------------------------------------------

--
-- Estructura de tabla para la tabla `sales`
--

CREATE TABLE `sales` (
  `id` int(11) UNSIGNED NOT NULL,
  `product_id` int(11) UNSIGNED NOT NULL,
  `qty` int(11) NOT NULL,
  `price` decimal(25,2) NOT NULL,
  `date` date NOT NULL
) ENGINE=InnoDB DEFAULT CHARSET=utf8 COLLATE=utf8_general_ci;

--
-- Volcado de datos para la tabla `sales`
--

INSERT INTO `sales` (`id`, `product_id`, `qty`, `price`, `date`) VALUES
(1, 62, 34000, 2550000000.00, '2025-01-08'),
(2, 4, 150, 8977500.00, '2025-01-08'),
(3, 16, 1, 81375.00, '2025-01-10'),
(4, 2, 2, 105000.00, '2025-01-10'),
(5, 25, 30, 567000.00, '2025-01-10'),
(6, 5, 4, 247800.00, '2025-01-10'),
(7, 6, 4, 256200.00, '2025-01-10'),
(8, 28, 25, 551250.00, '2025-01-10'),
(9, 4, 100, 5985000.00, '2025-01-10'),
(10, 6, 175, 11208750.00, '2025-01-10'),
(11, 64, 250, 17062500.00, '2025-01-10'),
(12, 11, 2, 131250.00, '2025-01-10'),
(13, 24, 80, 1428000.00, '2025-01-10'),
(14, 7, 15, 992250.00, '2025-01-10'),
(15, 5, 15, 929250.00, '2025-01-10'),
(16, 28, 15, 330750.00, '2025-01-10'),
(17, 25, 15, 283500.00, '2025-01-10'),
(18, 21, 6, 441000.00, '2025-01-10'),
(19, 14, 3, 220500.00, '2025-01-10'),
(20, 18, 6, 393750.00, '2025-01-10'),
(21, 11, 3, 196875.00, '2025-01-10'),
(22, 7, 10, 661500.00, '2025-01-10'),
(23, 5, 10, 619500.00, '2025-01-10'),
(24, 28, 15, 330750.00, '2025-01-10'),
(25, 12, 15, 1023750.00, '2025-01-10'),
(26, 21, 6, 441000.00, '2025-01-10'),
(27, 14, 3, 220500.00, '2025-01-10'),
(28, 12, 6, 409500.00, '2025-01-10'),
(29, 10, 3, 189000.00, '2025-01-10'),
(30, 7, 40, 2646000.00, '2025-01-11'),
(31, 6, 20, 1281000.00, '2025-01-11'),
(32, 5, 11, 681450.00, '2025-01-11'),
(33, 4, 4, 239400.00, '2025-01-11'),
(34, 6, 150, 9607500.00, '2025-01-13'),
(35, 14, 20, 1470000.00, '2025-01-13'),
(36, 20, 10, 708750.00, '2025-01-13'),
(37, 13, 10, 708750.00, '2025-01-13'),
(38, 3, 10, 577500.00, '2025-01-13'),
(39, 4, 10, 598500.00, '2025-01-13'),
(40, 5, 10, 619500.00, '2025-01-13'),
(41, 64, 20, 1365000.00, '2025-01-13'),
(42, 6, 5, 320250.00, '2025-01-14'),
(43, 7, 100, 6615000.00, '2025-01-14'),
(44, 6, 50, 3202500.00, '2025-01-14'),
(45, 13, 20, 1417500.00, '2025-01-14'),
(46, 20, 20, 1417500.00, '2025-01-14'),
(47, 4, 75, 4488750.00, '2025-01-14'),
(48, 4, 25, 1496250.00, '2025-01-15'),
(49, 6, 40, 2562000.00, '2025-01-15'),
(50, 7, 60, 3969000.00, '2025-01-15'),
(51, 11, 2, 131250.00, '2025-01-15'),
(52, 14, 3, 220500.00, '2025-01-15'),
(53, 28, 40, 882000.00, '2025-01-15'),
(54, 25, 40, 756000.00, '2025-01-15'),
(55, 25, 40, 756000.00, '2025-01-15'),
(56, 7, 40, 2646000.00, '2025-01-15'),
(57, 27, 40, 840000.00, '2025-01-15'),
(58, 28, 40, 882000.00, '2025-01-15'),
(59, 4, 10, 598500.00, '2025-01-15'),
(60, 6, 5, 320250.00, '2025-01-15'),
(61, 64, 10, 682500.00, '2025-01-15'),
(62, 65, 2, 163500.00, '2025-01-15'),
(63, 13, 1, 70875.00, '2025-01-15'),
(64, 28, 10, 220500.00, '2025-01-15'),
(65, 6, 50, 3202500.00, '2025-01-16'),
(66, 62, 200, 15000000.00, '2025-01-15'),
(67, 62, 120, 9000000.00, '2025-01-15'),
(68, 62, 40, 3000000.00, '2025-01-15'),
(69, 7, 50, 3307500.00, '2025-01-16'),
(70, 62, 10, 750000.00, '2025-01-16'),
(71, 5, 50, 3097500.00, '2025-01-16'),
(72, 64, 12, 819000.00, '2025-01-16'),
(73, 28, 10, 220500.00, '2025-01-16'),
(74, 27, 10, 210000.00, '2025-01-16'),
(75, 9, 3, 204750.00, '2025-01-16'),
(76, 30, 5, 94500.00, '2025-01-16'),
(77, 16, 1, 81375.00, '2025-01-16'),
(78, 11, 1, 65625.00, '2025-01-16'),
(79, 13, 1, 70875.00, '2025-01-16'),
(80, 67, 20, 1300000.00, '2025-01-16'),
(81, 66, 40, 2712000.00, '2025-01-16'),
(82, 7, 300, 19845000.00, '2025-01-16'),
(83, 4, 50, 2992500.00, '2025-01-16'),
(84, 28, 20, 441000.00, '2025-01-16'),
(85, 6, 15, 960750.00, '2025-01-16'),
(86, 11, 2, 131250.00, '2025-01-16'),
(88, 25, 5, 94500.00, '2025-01-16'),
(89, 21, 1, 73500.00, '2025-01-16'),
(90, 18, 1, 65625.00, '2025-01-16'),
(91, 11, 120, 7875000.00, '2025-01-17'),
(92, 6, 52, 3330600.00, '2025-01-17'),
(93, 5, 70, 4336500.00, '2025-01-17'),
(94, 27, 50, 1050000.00, '2025-01-17'),
(96, 26, 55, 1097250.00, '2025-01-17'),
(97, 25, 35, 661500.00, '2025-01-17'),
(98, 28, 35, 771750.00, '2025-01-17'),
(99, 5, 25, 1548750.00, '2025-01-17'),
(100, 6, 25, 1601250.00, '2025-01-17'),
(101, 27, 15, 315000.00, '2025-01-17'),
(102, 5, 15, 929250.00, '2025-01-17'),
(103, 6, 30, 1921500.00, '2025-01-17'),
(104, 27, 10, 210000.00, '2025-01-17'),
(105, 26, 5, 99750.00, '2025-01-17'),
(106, 13, 2, 141750.00, '2025-01-17'),
(107, 20, 2, 141750.00, '2025-01-17'),
(108, 64, 30, 2047500.00, '2025-01-17'),
(109, 6, 30, 1921500.00, '2025-01-17'),
(110, 4, 15, 897750.00, '2025-01-17'),
(111, 16, 1, 81375.00, '2025-01-17'),
(112, 27, 5, 105000.00, '2025-01-17'),
(113, 28, 20, 441000.00, '2025-01-17'),
(115, 5, 10, 619500.00, '2025-01-17'),
(116, 28, 10, 220500.00, '2025-01-17'),
(117, 30, 10, 189000.00, '2025-01-17'),
(118, 64, 30, 2047500.00, '2025-01-17'),
(119, 27, 5, 105000.00, '2025-01-17'),
(120, 28, 20, 441000.00, '2025-01-17'),
(121, 25, 5, 94500.00, '2025-01-17'),
(122, 5, 10, 619500.00, '2025-01-17'),
(123, 28, 10, 220500.00, '2025-01-17'),
(124, 30, 10, 189000.00, '2025-01-17'),
(125, 64, 20, 1365000.00, '2025-01-18'),
(126, 22, 5, 380625.00, '2025-01-18'),
(127, 26, 6, 119700.00, '2025-01-18'),
(128, 64, 12, 819000.00, '2025-01-18'),
(129, 5, 12, 743400.00, '2025-01-18'),
(130, 28, 10, 220500.00, '2025-01-18'),
(131, 5, 15, 929250.00, '2025-01-18'),
(132, 6, 15, 960750.00, '2025-01-18'),
(133, 7, 22, 1455300.00, '2025-01-18'),
(134, 7, 30, 1984500.00, '2025-01-20'),
(135, 6, 50, 3202500.00, '2025-01-20'),
(136, 5, 17, 1053150.00, '2025-01-20'),
(137, 28, 20, 441000.00, '2025-01-20'),
(138, 30, 3, 56700.00, '2025-01-20'),
(139, 5, 15, 929250.00, '2025-01-20'),
(140, 6, 15, 960750.00, '2025-01-20'),
(141, 27, 8, 168000.00, '2025-01-20'),
(142, 26, 5, 99750.00, '2025-01-20'),
(143, 4, 150, 8977500.00, '2025-01-20'),
(144, 7, 35, 2315250.00, '2025-01-20'),
(145, 64, 100, 6825000.00, '2025-01-20'),
(146, 6, 100, 6405000.00, '2025-01-20'),
(147, 4, 25, 1496250.00, '2025-01-20'),
(148, 5, 50, 3097500.00, '2025-01-20'),
(149, 6, 50, 3202500.00, '2025-01-20'),
(150, 7, 50, 3307500.00, '2025-01-20'),
(151, 64, 25, 1706250.00, '2025-01-20'),
(153, 4, 13, 778050.00, '2025-01-20'),
(154, 5, 12, 743400.00, '2025-01-20'),
(155, 4, 10, 598500.00, '2025-01-20'),
(156, 5, 25, 1548750.00, '2025-01-20'),
(157, 6, 40, 2562000.00, '2025-01-20'),
(161, 6, 10, 640500.00, '2025-05-06'),
(162, 12, 2, 136500.00, '2025-05-06'),
(163, 5, 2, 123900.00, '2025-05-06'),
(164, 5, 3, 185850.00, '2025-05-06'),
(165, 21, 2, 147000.00, '2025-05-06'),
(166, 18, 2, 131250.00, '2025-05-06'),
(167, 18, 2, 131250.00, '2025-05-06'),
(168, 68, 1, 225000.00, '2025-05-06'),
(169, 62, 2000, 6400000.00, '2025-05-06'),
(170, 66, 3, 282000.00, '2025-05-05'),
(171, 67, 2, 130000.00, '2025-05-05'),
(172, 66, 20, 1356000.00, '2025-05-05'),
(173, 6, 25, 1601250.00, '2025-05-05'),
(174, 6, 100, 6405000.00, '2025-05-05'),
(175, 7, 100, 6615000.00, '2025-05-05'),
(176, 6, 40, 2562000.00, '2025-04-29'),
(177, 64, 10, 682500.00, '2025-04-29'),
(178, 6, 30, 1921500.00, '2025-04-29'),
(179, 6, 15, 960750.00, '2025-04-29'),
(180, 62, 320, 24000000.00, '2025-04-29'),
(181, 5, 20, 1239000.00, '2025-04-29'),
(182, 6, 20, 1281000.00, '2025-04-29'),
(183, 7, 10, 661500.00, '2025-04-29'),
(184, 25, 5, 94500.00, '2025-04-29'),
(185, 27, 5, 105000.00, '2025-04-29'),
(186, 28, 5, 110250.00, '2025-04-29'),
(187, 29, 5, 115500.00, '2025-04-29'),
(188, 62, 2000, 150000000.00, '2025-04-28'),
(189, 4, 25, 1496250.00, '2025-04-28'),
(190, 5, 25, 1548750.00, '2025-04-28'),
(191, 6, 15, 960750.00, '2025-04-28'),
(192, 27, 5, 105000.00, '2025-04-28'),
(193, 6, 10, 640500.00, '2025-04-28'),
(194, 6, 8, 512400.00, '2025-04-28'),
(195, 13, 5, 354375.00, '2025-04-28'),
(196, 13, 4, 283500.00, '2025-04-28'),
(197, 22, 2, 152250.00, '2025-04-28'),
(198, 5, 25, 1548750.00, '2025-04-28'),
(199, 6, 25, 1601250.00, '2025-04-28'),
(200, 64, 25, 1706250.00, '2025-04-28'),
(201, 38, 25, 2100000.00, '2025-04-28'),
(202, 13, 1, 70875.00, '2025-04-28'),
(203, 43, 33, 2425500.00, '2025-04-28'),
(204, 41, 3, 78750.00, '2025-04-28'),
(205, 6, 25, 1601250.00, '2025-04-26'),
(206, 7, 50, 3307500.00, '2025-04-26'),
(208, 56, 6, 378000.00, '2025-04-26'),
(209, 55, 6, 365400.00, '2025-04-26'),
(210, 69, 10, 350000.00, '2025-04-26'),
(211, 24, 3, 53550.00, '2025-04-26'),
(213, 25, 3, 56700.00, '2025-04-26'),
(214, 26, 3, 59850.00, '2025-04-26'),
(215, 27, 3, 63000.00, '2025-04-26'),
(216, 28, 3, 66150.00, '2025-04-26'),
(217, 29, 3, 69300.00, '2025-04-26'),
(218, 10, 1, 63000.00, '2025-04-26'),
(219, 11, 1, 65625.00, '2025-04-26'),
(220, 12, 1, 68250.00, '2025-04-26'),
(221, 13, 1, 70875.00, '2025-04-26'),
(222, 14, 1, 73500.00, '2025-04-26'),
(223, 15, 1, 76125.00, '2025-04-26'),
(224, 17, 1, 63000.00, '2025-04-26'),
(225, 70, 1, 62500.00, '2025-04-26'),
(226, 19, 1, 68250.00, '2025-04-26'),
(227, 20, 1, 70875.00, '2025-04-26'),
(228, 21, 1, 73500.00, '2025-04-26'),
(229, 22, 1, 76125.00, '2025-04-26'),
(230, 5, 10, 619500.00, '2025-04-25'),
(231, 6, 22, 1409100.00, '2025-04-25'),
(232, 7, 22, 1455300.00, '2025-04-25'),
(233, 7, 50, 3307500.00, '2025-04-25'),
(234, 7, 25, 1653750.00, '2025-04-25'),
(235, 4, 50, 2992500.00, '2025-04-24'),
(236, 5, 50, 3097500.00, '2025-04-24'),
(237, 6, 50, 3202500.00, '2025-04-24'),
(238, 7, 50, 3307500.00, '2025-04-24'),
(239, 22, 17, 1294125.00, '2025-04-23'),
(240, 70, 3, 187500.00, '2025-04-23'),
(241, 7, 10, 661500.00, '2025-04-22'),
(242, 5, 5, 309750.00, '2025-04-22'),
(243, 64, 10, 682500.00, '2025-04-22'),
(244, 22, 6, 456750.00, '2025-04-22'),
(245, 15, 1, 76125.00, '2025-04-22'),
(246, 5, 2, 123900.00, '2025-04-22'),
(247, 18, 2, 131250.00, '2025-04-22'),
(248, 12, 1, 68250.00, '2025-04-22'),
(249, 29, 6, 138600.00, '2025-04-22'),
(250, 25, 6, 113400.00, '2025-04-22'),
(251, 20, 4, 283500.00, '2025-04-22'),
(252, 7, 25, 1653750.00, '2025-04-22'),
(253, 25, 2, 37800.00, '2025-04-22'),
(254, 27, 2, 42000.00, '2025-04-22'),
(255, 28, 2, 44100.00, '2025-04-22'),
(256, 13, 25, 1771875.00, '2025-04-22'),
(257, 20, 40, 2835000.00, '2025-04-22'),
(258, 7, 50, 3307500.00, '2025-04-22'),
(259, 14, 40, 2940000.00, '2025-04-22'),
(260, 6, 25, 1601250.00, '2025-04-21'),
(261, 64, 25, 1706250.00, '2025-04-21'),
(262, 5, 15, 929250.00, '2025-04-21'),
(263, 6, 30, 1921500.00, '2025-04-21'),
(264, 27, 10, 210000.00, '2025-04-21'),
(265, 25, 5, 94500.00, '2025-04-21'),
(266, 13, 2, 141750.00, '2025-04-21'),
(267, 20, 2, 141750.00, '2025-04-21'),
(268, 6, 25, 1601250.00, '2025-04-21'),
(269, 5, 25, 1548750.00, '2025-04-21'),
(270, 27, 10, 210000.00, '2025-04-21'),
(271, 64, 35, 2388750.00, '2025-04-21'),
(272, 6, 35, 2241750.00, '2025-04-21'),
(273, 4, 20, 1197000.00, '2025-04-21'),
(274, 29, 15, 346500.00, '2025-04-21'),
(275, 30, 10, 189000.00, '2025-04-21'),
(276, 25, 15, 283500.00, '2025-04-21'),
(277, 11, 1, 65625.00, '2025-04-21'),
(278, 15, 1, 76125.00, '2025-04-21'),
(279, 16, 2, 162750.00, '2025-04-21'),
(280, 6, 60, 3843000.00, '2025-04-21'),
(281, 5, 70, 4336500.00, '2025-04-21'),
(282, 7, 30, 1984500.00, '2025-04-21'),
(283, 27, 40, 840000.00, '2025-04-21'),
(284, 26, 50, 997500.00, '2025-04-21'),
(285, 25, 30, 567000.00, '2025-04-21'),
(286, 6, 75, 4803750.00, '2025-04-21'),
(287, 5, 40, 2478000.00, '2025-04-21'),
(288, 6, 150, 9607500.00, '2025-04-16'),
(289, 7, 50, 3307500.00, '2025-04-16'),
(290, 43, 3, 220500.00, '2025-04-15'),
(291, 64, 5, 341250.00, '2025-04-15'),
(292, 41, 2, 52500.00, '2025-04-15'),
(293, 39, 2, 52500.00, '2025-04-15'),
(294, 43, 5, 367500.00, '2025-04-15'),
(295, 27, 10, 210000.00, '2025-04-15'),
(296, 27, 4, 84000.00, '2025-04-15'),
(297, 71, 2, 560000.00, '2025-04-15'),
(298, 43, 50, 3675000.00, '2025-04-14'),
(299, 6, 250, 16012500.00, '2025-04-14'),
(300, 4, 150, 8977500.00, '2025-04-14'),
(301, 4, 20, 1197000.00, '2025-04-14'),
(302, 5, 20, 1239000.00, '2025-04-14'),
(303, 70, 2, 125000.00, '2025-04-14'),
(304, 18, 2, 131250.00, '2025-04-14'),
(305, 25, 5, 94500.00, '2025-04-14'),
(306, 26, 5, 99750.00, '2025-04-14'),
(307, 72, 10, 230000.00, '2025-04-14'),
(308, 50, 1, 136500.00, '2025-04-14'),
(309, 49, 1, 57750.00, '2025-04-14'),
(310, 46, 1, 168000.00, '2025-04-14'),
(311, 6, 75, 4803750.00, '2025-04-10'),
(312, 4, 5, 299250.00, '2025-04-10'),
(313, 5, 5, 309750.00, '2025-04-10'),
(314, 6, 5, 320250.00, '2025-04-10'),
(315, 4, 15, 897750.00, '2025-04-09'),
(316, 72, 25, 575000.00, '2025-04-09'),
(317, 7, 300, 19845000.00, '2025-04-09'),
(318, 4, 100, 5985000.00, '2025-04-09'),
(319, 29, 20, 462000.00, '2025-04-09'),
(320, 6, 50, 3202500.00, '2025-04-09'),
(321, 15, 5, 380625.00, '2025-04-07'),
(322, 22, 2, 152250.00, '2025-04-07'),
(323, 12, 3, 204750.00, '2025-04-07'),
(324, 12, 1, 68250.00, '2025-04-07'),
(325, 19, 1, 68250.00, '2025-04-07'),
(326, 4, 20, 1197000.00, '2025-04-05'),
(327, 7, 20, 1323000.00, '2025-04-05'),
(328, 5, 40, 2478000.00, '2025-04-05'),
(329, 28, 10, 220500.00, '2025-04-05'),
(330, 27, 5, 105000.00, '2025-04-05'),
(331, 73, 50, 7000000.00, '2025-04-04'),
(332, 5, 50, 3097500.00, '2025-04-04'),
(333, 64, 15, 1023750.00, '2025-04-03'),
(334, 7, 75, 4961250.00, '2025-04-03'),
(335, 4, 50, 2992500.00, '2025-04-03'),
(336, 5, 75, 4646250.00, '2025-04-03'),
(337, 15, 2, 152250.00, '2025-04-03'),
(338, 22, 2, 152250.00, '2025-04-03'),
(339, 28, 5, 110250.00, '2025-04-03'),
(340, 26, 3, 59850.00, '2025-04-03'),
(341, 10, 2, 126000.00, '2025-04-03'),
(342, 19, 2, 136500.00, '2025-04-03'),
(343, 64, 2, 136500.00, '2025-04-03'),
(344, 5, 2, 123900.00, '2025-04-03'),
(345, 39, 5, 131250.00, '2025-04-03'),
(346, 6, 50, 3202500.00, '2025-04-02'),
(347, 5, 3, 185850.00, '2025-04-02'),
(348, 19, 2, 136500.00, '2025-04-02'),
(350, 25, 5, 94500.00, '2025-04-02'),
(351, 12, 1, 68250.00, '2025-04-02'),
(352, 64, 3, 204750.00, '2025-04-02'),
(353, 22, 2, 152250.00, '2025-04-02'),
(354, 29, 5, 115500.00, '2025-04-02'),
(355, 15, 1, 76125.00, '2025-04-02'),
(356, 16, 1, 81375.00, '2025-04-02'),
(357, 30, 3, 56700.00, '2025-04-02'),
(358, 64, 25, 1706250.00, '2025-04-01'),
(359, 64, 3, 204750.00, '2025-04-01'),
(360, 6, 8, 512400.00, '2025-04-01'),
(361, 15, 2, 152250.00, '2025-05-01'),
(362, 15, 1, 76125.00, '2025-04-01'),
(363, 46, 5, 840000.00, '2025-03-31'),
(364, 27, 10, 210000.00, '2025-03-31'),
(365, 29, 10, 231000.00, '2025-03-31'),
(366, 15, 2, 152250.00, '2025-03-31'),
(367, 50, 1, 136500.00, '2025-03-31'),
(368, 13, 1, 70875.00, '2025-03-31'),
(370, 28, 20, 441000.00, '2025-03-31'),
(371, 25, 80, 1512000.00, '2025-03-31'),
(372, 7, 20, 1323000.00, '2025-03-31'),
(373, 4, 12, 718200.00, '2025-03-31'),
(374, 6, 50, 3202500.00, '2025-03-31'),
(375, 6, 30, 1921500.00, '2025-03-31'),
(376, 7, 60, 3969000.00, '2025-03-31'),
(377, 28, 12, 264600.00, '2025-03-31'),
(378, 12, 3, 204750.00, '2025-03-31'),
(379, 13, 3, 212625.00, '2025-03-31'),
(380, 7, 15, 992250.00, '2025-03-31'),
(381, 4, 10, 598500.00, '2025-03-31'),
(382, 14, 2, 147000.00, '2025-03-31'),
(383, 28, 40, 882000.00, '2025-03-31'),
(384, 64, 3, 204750.00, '2025-03-31'),
(385, 4, 10, 598500.00, '2025-03-31'),
(386, 6, 5, 320250.00, '2025-03-31'),
(387, 64, 10, 682500.00, '2025-03-31'),
(388, 25, 6, 113400.00, '2025-03-31'),
(389, 29, 6, 138600.00, '2025-03-31'),
(390, 74, 1, 78000.00, '2025-03-31'),
(391, 13, 1, 70875.00, '2025-03-31'),
(392, 6, 40, 2562000.00, '2025-03-31'),
(393, 4, 25, 1496250.00, '2025-03-31'),
(394, 6, 75, 4803750.00, '2025-03-31'),
(395, 64, 150, 10237500.00, '2025-03-31'),
(396, 25, 100, 1890000.00, '2025-03-31'),
(397, 6, 25, 1601250.00, '2025-03-28'),
(398, 6, 71, 4547550.00, '2025-03-28'),
(399, 21, 2, 147000.00, '2025-03-28'),
(400, 64, 5, 341250.00, '2025-03-27'),
(401, 5, 5, 309750.00, '2025-03-27'),
(402, 22, 5, 380625.00, '2025-03-27'),
(403, 15, 2, 152250.00, '2025-03-27'),
(404, 18, 2, 131250.00, '2025-03-27'),
(405, 12, 1, 68250.00, '2025-03-27'),
(406, 28, 12, 264600.00, '2025-03-27'),
(407, 25, 5, 94500.00, '2025-03-27'),
(408, 20, 7, 496125.00, '2025-03-27'),
(409, 13, 2, 141750.00, '2025-03-27'),
(410, 6, 30, 1921500.00, '2025-03-27'),
(411, 5, 30, 1858500.00, '2025-03-27'),
(412, 64, 15, 1023750.00, '2025-03-27'),
(413, 27, 10, 210000.00, '2025-03-27'),
(414, 29, 5, 115500.00, '2025-03-27'),
(415, 28, 300, 6615000.00, '2025-03-27'),
(416, 6, 50, 3202500.00, '2025-03-27'),
(417, 7, 50, 3307500.00, '2025-03-27'),
(418, 62, 11, 825000.00, '2025-03-26'),
(419, 7, 75, 4961250.00, '2025-03-26'),
(420, 6, 50, 3202500.00, '2025-03-26'),
(421, 5, 25, 1548750.00, '2025-03-26'),
(422, 16, 2, 162750.00, '2025-03-26'),
(423, 28, 20, 441000.00, '2025-03-26'),
(424, 6, 12, 768600.00, '2025-03-25'),
(425, 7, 4, 264600.00, '2025-03-25'),
(426, 5, 4, 247800.00, '2025-03-25'),
(427, 12, 2, 136500.00, '2025-03-25'),
(428, 25, 5, 94500.00, '2025-03-25'),
(429, 6, 100, 6405000.00, '2025-03-21'),
(430, 7, 100, 6615000.00, '2025-03-21'),
(431, 6, 25, 1601250.00, '2025-03-21'),
(432, 27, 3, 63000.00, '2025-03-21'),
(433, 25, 5, 94500.00, '2025-03-21'),
(434, 5, 25, 1548750.00, '2025-03-21'),
(435, 7, 15, 992250.00, '2025-03-21'),
(436, 10, 50, 3150000.00, '2025-03-20'),
(437, 5, 25, 1548750.00, '2025-03-20'),
(438, 6, 50, 3202500.00, '2025-03-20'),
(439, 64, 50, 3412500.00, '2025-03-20'),
(440, 64, 25, 1706250.00, '2025-03-20'),
(441, 64, 15, 1023750.00, '2025-03-20'),
(442, 6, 10, 640500.00, '2025-03-20'),
(443, 5, 30, 1858500.00, '2025-03-19'),
(444, 6, 12, 768600.00, '2025-03-19'),
(445, 7, 12, 793800.00, '2025-03-19'),
(446, 7, 40, 2646000.00, '2025-03-19'),
(447, 6, 35, 2241750.00, '2025-03-19'),
(448, 7, 25, 1653750.00, '2025-03-18'),
(449, 5, 70, 4336500.00, '2025-03-17'),
(450, 6, 15, 960750.00, '2025-03-17'),
(451, 64, 20, 1365000.00, '2025-03-17'),
(452, 5, 12, 743400.00, '2025-03-14'),
(453, 6, 8, 512400.00, '2025-03-14'),
(454, 15, 8, 609000.00, '2025-03-14'),
(455, 13, 2, 141750.00, '2025-03-14'),
(456, 10, 5, 315000.00, '2025-03-14'),
(457, 25, 10, 189000.00, '2025-03-14'),
(458, 30, 2, 37800.00, '2025-03-14'),
(459, 39, 1, 26250.00, '2025-03-14'),
(460, 6, 25, 1601250.00, '2025-03-13'),
(461, 7, 25, 1653750.00, '2025-03-13'),
(462, 6, 25, 1601250.00, '2025-03-13'),
(463, 7, 25, 1653750.00, '2025-03-13'),
(464, 72, 40, 920000.00, '2025-03-13'),
(465, 64, 125, 8531250.00, '2025-03-13'),
(466, 64, 54, 3685500.00, '2025-03-13'),
(467, 28, 70, 1543500.00, '2025-03-13'),
(468, 22, 1, 76125.00, '2025-03-13'),
(469, 18, 2, 131250.00, '2025-03-13'),
(470, 6, 75, 4803750.00, '2025-03-13'),
(471, 7, 25, 1653750.00, '2025-03-13'),
(472, 5, 10, 619500.00, '2025-03-12'),
(473, 64, 5, 341250.00, '2025-03-12'),
(474, 18, 6, 393750.00, '2025-03-12'),
(475, 12, 1, 68250.00, '2025-03-12'),
(476, 15, 1, 76125.00, '2025-03-12'),
(477, 25, 10, 189000.00, '2025-03-12'),
(478, 28, 5, 110250.00, '2025-03-12'),
(479, 64, 20, 1365000.00, '2025-03-12'),
(480, 15, 2, 152250.00, '2025-03-12'),
(481, 11, 2, 131250.00, '2025-03-12'),
(482, 19, 2, 136500.00, '2025-03-12'),
(483, 22, 2, 152250.00, '2025-03-12'),
(484, 28, 30, 661500.00, '2025-03-12'),
(485, 25, 15, 283500.00, '2025-03-12'),
(486, 5, 10, 619500.00, '2025-03-12'),
(487, 6, 8, 512400.00, '2025-03-12'),
(488, 64, 14, 955500.00, '2025-03-12'),
(489, 12, 1, 68250.00, '2025-03-12'),
(490, 15, 1, 76125.00, '2025-03-12'),
(491, 18, 5, 328125.00, '2025-03-12'),
(492, 22, 5, 380625.00, '2025-03-12'),
(493, 28, 12, 264600.00, '2025-03-12'),
(494, 5, 25, 1548750.00, '2025-03-12'),
(495, 64, 54, 3685500.00, '2025-03-12'),
(496, 28, 70, 1543500.00, '2025-03-12'),
(497, 22, 1, 76125.00, '2025-03-12'),
(498, 18, 2, 131250.00, '2025-03-12'),
(499, 75, 11, 528000.00, '2025-03-12'),
(500, 76, 10, 500000.00, '2025-03-12'),
(501, 77, 4, 252000.00, '2025-03-12'),
(502, 6, 30, 1921500.00, '2025-03-11'),
(503, 5, 100, 6195000.00, '2025-03-11'),
(504, 18, 2, 131250.00, '2025-03-11'),
(505, 25, 10, 189000.00, '2025-03-11'),
(506, 28, 10, 220500.00, '2025-03-11'),
(507, 6, 75, 4803750.00, '2025-03-11'),
(508, 9, 25, 1706250.00, '2025-03-11'),
(509, 13, 20, 1417500.00, '2025-03-11'),
(510, 5, 100, 6195000.00, '2025-03-10'),
(511, 6, 50, 3202500.00, '2025-03-10'),
(512, 7, 50, 3307500.00, '2025-03-10'),
(513, 64, 20, 1365000.00, '2025-03-05'),
(514, 6, 20, 1281000.00, '2025-03-05'),
(515, 4, 25, 1496250.00, '2025-03-05'),
(516, 11, 1, 65625.00, '2025-03-05'),
(517, 13, 1, 70875.00, '2025-03-05'),
(518, 7, 25, 1653750.00, '2025-03-07'),
(519, 6, 8, 512400.00, '2025-03-07'),
(520, 5, 12, 743400.00, '2025-03-07'),
(521, 4, 6, 359100.00, '2025-03-07'),
(522, 7, 10, 661500.00, '2025-03-07'),
(523, 5, 6, 371700.00, '2025-03-07'),
(524, 6, 4, 256200.00, '2025-03-07'),
(525, 4, 4, 239400.00, '2025-03-07'),
(526, 22, 10, 761250.00, '2025-03-07'),
(527, 18, 5, 328125.00, '2025-03-07'),
(528, 11, 1, 65625.00, '2025-03-07'),
(529, 28, 10, 220500.00, '2025-03-07'),
(530, 64, 3, 204750.00, '2025-03-07'),
(531, 4, 12, 718200.00, '2025-03-05'),
(532, 5, 12, 743400.00, '2025-03-05'),
(533, 6, 14, 896700.00, '2025-03-05'),
(534, 7, 4, 264600.00, '2025-03-05'),
(535, 25, 12, 226800.00, '2025-03-05'),
(536, 25, 12, 226800.00, '2025-03-05'),
(537, 27, 12, 252000.00, '2025-03-05'),
(538, 28, 6, 132300.00, '2025-03-05'),
(539, 14, 1, 73500.00, '2025-03-05'),
(540, 6, 30, 1921500.00, '2025-03-05'),
(541, 5, 50, 3097500.00, '2025-03-05'),
(542, 7, 40, 2646000.00, '2025-03-05'),
(543, 4, 15, 897750.00, '2025-03-05'),
(544, 25, 50, 945000.00, '2025-03-05'),
(545, 27, 60, 1260000.00, '2025-03-05'),
(546, 28, 40, 882000.00, '2025-03-05'),
(547, 25, 40, 756000.00, '2025-03-05'),
(548, 7, 5, 330750.00, '2025-03-04'),
(549, 28, 10, 220500.00, '2025-03-04'),
(550, 21, 2, 147000.00, '2025-03-04'),
(551, 14, 2, 147000.00, '2025-03-04'),
(552, 70, 2, 125000.00, '2025-03-04'),
(553, 5, 75, 4646250.00, '2025-03-03'),
(554, 6, 63, 4035150.00, '2025-03-03'),
(555, 5, 5, 309750.00, '2025-03-03'),
(556, 6, 10, 640500.00, '2025-03-03'),
(557, 27, 10, 210000.00, '2025-03-03'),
(558, 25, 6, 113400.00, '2025-03-03'),
(559, 13, 4, 283500.00, '2025-03-03'),
(560, 66, 60, 4068000.00, '2025-03-03'),
(561, 64, 4, 273000.00, '2025-03-01'),
(562, 7, 10, 661500.00, '2025-03-01'),
(563, 6, 10, 640500.00, '2025-03-01'),
(564, 29, 4, 92400.00, '2025-03-01'),
(565, 27, 4, 84000.00, '2025-03-01'),
(566, 6, 30, 1921500.00, '2025-02-28'),
(567, 48, 1, 136500.00, '2025-02-28'),
(568, 7, 20, 1323000.00, '2025-02-28'),
(569, 6, 20, 1281000.00, '2025-02-28'),
(570, 5, 10, 619500.00, '2025-02-28'),
(571, 4, 10, 598500.00, '2025-02-28'),
(572, 6, 25, 1601250.00, '2025-02-28'),
(573, 22, 1, 76125.00, '2025-02-27'),
(574, 19, 1, 68250.00, '2025-02-27'),
(575, 74, 1, 78000.00, '2025-02-27'),
(576, 41, 2, 52500.00, '2025-02-27'),
(577, 64, 2, 136500.00, '2025-02-27'),
(578, 16, 1, 81375.00, '2025-02-27'),
(579, 30, 5, 94500.00, '2025-02-27'),
(580, 5, 6, 371700.00, '2025-02-27'),
(581, 6, 5, 320250.00, '2025-02-27'),
(582, 7, 5, 330750.00, '2025-02-27'),
(583, 25, 5, 94500.00, '2025-02-27'),
(584, 27, 5, 105000.00, '2025-02-27'),
(585, 28, 5, 110250.00, '2025-02-27'),
(586, 12, 1, 68250.00, '2025-02-27'),
(587, 13, 1, 70875.00, '2025-02-27'),
(588, 14, 1, 73500.00, '2025-02-27'),
(589, 5, 5, 309750.00, '2025-02-26'),
(590, 6, 5, 320250.00, '2025-02-26'),
(591, 64, 5, 341250.00, '2025-02-26'),
(592, 43, 20, 1470000.00, '2025-02-26'),
(593, 6, 11, 704550.00, '2025-02-26'),
(594, 4, 11, 658350.00, '2025-02-26'),
(595, 78, 11, 767800.00, '2025-02-26'),
(596, 6, 15, 960750.00, '2025-02-26'),
(597, 7, 12, 793800.00, '2025-02-26'),
(598, 5, 15, 929250.00, '2025-02-26'),
(599, 27, 20, 420000.00, '2025-02-26'),
(600, 25, 15, 283500.00, '2025-02-26'),
(601, 2, 1, 52500.00, '2025-02-26'),
(602, 5, 10, 619500.00, '2025-02-26'),
(603, 6, 12, 768600.00, '2025-02-26'),
(604, 7, 15, 992250.00, '2025-02-26'),
(605, 25, 10, 189000.00, '2025-02-26'),
(606, 25, 3, 56700.00, '2025-02-26'),
(607, 27, 4, 84000.00, '2025-02-26'),
(608, 28, 8, 176400.00, '2025-02-26'),
(609, 18, 1, 65625.00, '2025-02-26'),
(610, 21, 1, 73500.00, '2025-02-26'),
(611, 11, 1, 65625.00, '2025-02-26'),
(612, 14, 1, 73500.00, '2025-02-26'),
(613, 20, 1, 70875.00, '2025-02-26'),
(614, 6, 100, 6405000.00, '2025-02-26'),
(615, 7, 100, 6615000.00, '2025-02-26'),
(616, 6, 25, 1601250.00, '2025-02-26'),
(617, 64, 25, 1706250.00, '2025-02-26'),
(618, 5, 30, 1858500.00, '2025-02-26'),
(619, 6, 125, 8006250.00, '2025-02-25'),
(620, 64, 125, 8531250.00, '2025-02-25'),
(621, 7, 11, 727650.00, '2025-02-25'),
(622, 6, 12, 768600.00, '2025-02-25'),
(623, 4, 5, 299250.00, '2025-02-25'),
(624, 5, 6, 371700.00, '2025-02-25'),
(625, 27, 10, 210000.00, '2025-02-25'),
(626, 5, 3, 185850.00, '2025-02-24'),
(627, 6, 2, 128100.00, '2025-02-24'),
(628, 7, 3, 198450.00, '2025-02-24'),
(629, 12, 1, 68250.00, '2025-02-24'),
(630, 14, 1, 73500.00, '2025-02-24'),
(631, 15, 2, 152250.00, '2025-02-24'),
(632, 18, 2, 131250.00, '2025-02-24'),
(633, 21, 1, 73500.00, '2025-02-24'),
(634, 25, 2, 37800.00, '2025-02-24'),
(635, 27, 3, 63000.00, '2025-02-24'),
(636, 64, 12, 819000.00, '2025-02-24'),
(637, 5, 5, 309750.00, '2025-02-24'),
(638, 28, 10, 220500.00, '2025-02-24'),
(639, 25, 12, 226800.00, '2025-02-24'),
(640, 6, 50, 3202500.00, '2025-02-24'),
(641, 4, 8, 478800.00, '2025-02-24'),
(642, 25, 12, 226800.00, '2025-02-24'),
(643, 11, 1, 65625.00, '2025-02-24'),
(644, 28, 12, 264600.00, '2025-02-24'),
(645, 7, 10, 661500.00, '2025-02-24'),
(646, 14, 1, 73500.00, '2025-02-24'),
(647, 16, 20, 1627500.00, '2025-02-24'),
(648, 41, 6, 157500.00, '2025-02-24'),
(649, 64, 12, 819000.00, '2025-02-22'),
(650, 64, 8, 546000.00, '2025-02-22'),
(651, 6, 6, 384300.00, '2025-02-22'),
(652, 6, 4, 256200.00, '2025-02-22'),
(653, 64, 50, 3412500.00, '2025-02-21'),
(654, 4, 30, 1795500.00, '2025-02-21'),
(655, 25, 50, 945000.00, '2025-02-21'),
(656, 28, 50, 1102500.00, '2025-02-21'),
(657, 46, 40, 6720000.00, '2025-02-21'),
(658, 50, 1, 136500.00, '2025-02-21'),
(659, 43, 2, 147000.00, '2025-02-21'),
(660, 79, 30, 472500.00, '2025-02-21'),
(661, 5, 20, 1239000.00, '2025-02-21'),
(662, 6, 20, 1281000.00, '2025-02-21'),
(663, 7, 30, 1984500.00, '2025-02-21'),
(664, 4, 20, 1197000.00, '2025-02-21'),
(665, 14, 2, 147000.00, '2025-02-21'),
(666, 21, 3, 220500.00, '2025-02-21'),
(667, 7, 10, 661500.00, '2025-02-21'),
(668, 6, 30, 1921500.00, '2025-02-21'),
(669, 4, 10, 598500.00, '2025-02-21'),
(670, 28, 5, 110250.00, '2025-02-21'),
(671, 25, 5, 94500.00, '2025-02-21'),
(672, 14, 1, 73500.00, '2025-02-21'),
(673, 12, 1, 68250.00, '2025-02-18'),
(674, 21, 2, 147000.00, '2025-02-18'),
(675, 11, 1, 65625.00, '2025-02-18'),
(676, 14, 1, 73500.00, '2025-02-18'),
(677, 6, 30, 1921500.00, '2025-02-18'),
(678, 7, 30, 1984500.00, '2025-02-18'),
(679, 6, 25, 1601250.00, '2025-02-18'),
(680, 7, 25, 1653750.00, '2025-02-18'),
(681, 6, 40, 2562000.00, '2025-02-17'),
(682, 43, 15, 1102500.00, '2025-02-17'),
(683, 4, 25, 1496250.00, '2025-02-17'),
(684, 5, 15, 929250.00, '2025-02-17'),
(685, 25, 10, 189000.00, '2025-02-17'),
(686, 38, 50, 4200000.00, '2025-02-15'),
(687, 5, 25, 1548750.00, '2025-02-15'),
(688, 5, 6, 371700.00, '2025-02-15'),
(689, 64, 6, 409500.00, '2025-02-15'),
(690, 7, 125, 8268750.00, '2025-02-14'),
(691, 6, 50, 3202500.00, '2025-02-14'),
(692, 5, 75, 4646250.00, '2025-02-14'),
(693, 6, 14, 896700.00, '2025-02-14'),
(694, 7, 15, 992250.00, '2025-02-14'),
(695, 4, 25, 1496250.00, '2025-02-14'),
(696, 6, 25, 1601250.00, '2025-02-14'),
(697, 7, 100, 6615000.00, '2025-02-14'),
(698, 4, 50, 2992500.00, '2025-02-14'),
(699, 7, 30, 1984500.00, '2025-02-14'),
(700, 12, 10, 682500.00, '2025-02-14'),
(701, 14, 10, 735000.00, '2025-02-14'),
(702, 21, 5, 367500.00, '2025-02-14'),
(703, 50, 1, 136500.00, '2025-02-14'),
(704, 64, 15, 1023750.00, '2025-02-14'),
(705, 6, 10, 640500.00, '2025-02-14'),
(706, 25, 20, 378000.00, '2025-02-14'),
(707, 18, 1, 65625.00, '2025-02-14'),
(708, 6, 30, 1921500.00, '2025-02-13'),
(709, 7, 30, 1984500.00, '2025-02-13'),
(710, 5, 30, 1858500.00, '2025-02-13'),
(711, 4, 30, 1795500.00, '2025-02-13'),
(712, 25, 5, 94500.00, '2025-02-13'),
(713, 28, 6, 132300.00, '2025-02-13'),
(714, 25, 4, 75600.00, '2025-02-13'),
(715, 46, 1, 168000.00, '2025-02-13'),
(716, 14, 1, 73500.00, '2025-02-13'),
(717, 64, 28, 1911000.00, '2025-02-13'),
(718, 6, 22, 1409100.00, '2025-02-13'),
(719, 5, 25, 1548750.00, '2025-02-13'),
(720, 2, 10, 525000.00, '2025-02-13'),
(721, 4, 10, 598500.00, '2025-02-13'),
(722, 5, 10, 619500.00, '2025-02-13'),
(723, 9, 5, 341250.00, '2025-02-13'),
(724, 6, 10, 640500.00, '2025-02-13'),
(725, 64, 5, 341250.00, '2025-02-13'),
(726, 15, 5, 380625.00, '2025-02-13'),
(727, 10, 5, 315000.00, '2025-02-13'),
(728, 24, 25, 446250.00, '2025-02-13'),
(729, 25, 15, 283500.00, '2025-02-13'),
(730, 28, 10, 220500.00, '2025-02-13'),
(731, 7, 10, 661500.00, '2025-02-13'),
(732, 21, 1, 73500.00, '2025-02-13'),
(733, 20, 5, 354375.00, '2025-02-13'),
(734, 13, 1, 70875.00, '2025-02-13'),
(735, 20, 6, 425250.00, '2025-02-13'),
(736, 13, 4, 283500.00, '2025-02-13'),
(737, 28, 10, 220500.00, '2025-02-12'),
(738, 27, 10, 210000.00, '2025-02-12'),
(739, 6, 10, 640500.00, '2025-02-12'),
(740, 64, 10, 682500.00, '2025-02-12'),
(741, 5, 8, 495600.00, '2025-02-12'),
(742, 75, 5, 240000.00, '2025-02-12'),
(743, 7, 129, 8533350.00, '2025-02-11'),
(744, 37, 25, 2362500.00, '2025-02-11'),
(745, 6, 50, 3202500.00, '2025-02-11'),
(746, 7, 25, 1653750.00, '2025-02-11'),
(747, 64, 25, 1706250.00, '2025-02-11'),
(748, 5, 15, 929250.00, '2025-02-11'),
(749, 4, 15, 897750.00, '2025-02-11'),
(750, 27, 15, 315000.00, '2025-02-11'),
(751, 28, 15, 330750.00, '2025-02-11'),
(752, 79, 10, 157500.00, '2025-02-11'),
(753, 43, 66, 4851000.00, '2025-02-11'),
(754, 64, 40, 2730000.00, '2025-02-11'),
(755, 64, 10, 682500.00, '2025-02-11'),
(756, 6, 20, 1281000.00, '2025-02-11'),
(757, 6, 5, 320250.00, '2025-02-11'),
(758, 50, 2, 273000.00, '2025-02-11'),
(759, 46, 1, 168000.00, '2025-02-11'),
(760, 28, 15, 330750.00, '2025-02-11'),
(761, 5, 25, 1548750.00, '2025-02-10'),
(762, 6, 50, 3202500.00, '2025-02-10'),
(763, 13, 2, 141750.00, '2025-02-10'),
(764, 27, 15, 315000.00, '2025-02-10'),
(765, 50, 1, 136500.00, '2025-02-10'),
(766, 6, 50, 3202500.00, '2025-02-10'),
(767, 64, 38, 2593500.00, '2025-02-10'),
(768, 6, 38, 2433900.00, '2025-02-10'),
(769, 6, 30, 1921500.00, '2025-02-10'),
(770, 5, 12, 743400.00, '2025-02-10'),
(771, 64, 13, 887250.00, '2025-02-10'),
(772, 7, 50, 3307500.00, '2025-02-07'),
(773, 10, 50, 3150000.00, '2025-02-07'),
(774, 64, 40, 2730000.00, '2025-02-07'),
(775, 64, 10, 682500.00, '2025-02-07'),
(776, 6, 20, 1281000.00, '2025-02-07'),
(777, 6, 5, 320250.00, '2025-02-07'),
(778, 50, 2, 273000.00, '2025-02-07'),
(779, 46, 1, 168000.00, '2025-02-07'),
(780, 28, 15, 330750.00, '2025-02-07'),
(781, 5, 100, 6195000.00, '2025-02-06'),
(782, 6, 150, 9607500.00, '2025-02-06'),
(783, 6, 175, 11208750.00, '2025-02-04'),
(784, 15, 7, 532875.00, '2025-02-04'),
(785, 15, 7, 532875.00, '2025-02-04'),
(786, 12, 3, 204750.00, '2025-02-04'),
(787, 22, 2, 152250.00, '2025-02-04'),
(788, 22, 2, 152250.00, '2025-02-04'),
(789, 5, 2, 123900.00, '2025-02-04'),
(790, 64, 2, 136500.00, '2025-02-04'),
(791, 66, 20, 1356000.00, '2025-02-04'),
(792, 4, 25, 1496250.00, '2025-02-03'),
(793, 5, 50, 3097500.00, '2025-02-03'),
(794, 6, 50, 3202500.00, '2025-02-03'),
(795, 7, 50, 3307500.00, '2025-02-03'),
(796, 5, 20, 1239000.00, '2025-02-03'),
(797, 6, 15, 960750.00, '2025-02-03'),
(798, 7, 40, 2646000.00, '2025-02-03'),
(799, 7, 100, 6615000.00, '2025-02-03'),
(800, 13, 40, 2835000.00, '2025-02-03'),
(801, 12, 40, 2730000.00, '2025-02-03'),
(802, 14, 40, 2940000.00, '2025-02-03'),
(803, 62, 9500, 712500000.00, '2025-02-01'),
(804, 7, 20, 1323000.00, '2025-01-31'),
(805, 7, 5, 330750.00, '2025-01-31'),
(806, 72, 900, 20700000.00, '2025-01-31'),
(807, 72, 1135, 26105000.00, '2025-01-31'),
(808, 80, 4, 361200.00, '2025-01-31'),
(809, 62, 68000, 5100000000.00, '2025-01-30'),
(810, 3, 75, 4331250.00, '2025-01-30'),
(811, 4, 25, 1496250.00, '2025-01-30'),
(812, 6, 25, 1601250.00, '2025-01-30'),
(813, 64, 75, 5118750.00, '2025-01-30'),
(814, 4, 38, 2274300.00, '2025-01-30'),
(815, 7, 37, 2447550.00, '2025-01-30'),
(816, 38, 12, 1008000.00, '2025-01-30'),
(817, 37, 13, 1228500.00, '2025-01-30'),
(818, 5, 25, 1548750.00, '2025-01-30'),
(819, 6, 25, 1601250.00, '2025-01-30'),
(820, 7, 25, 1653750.00, '2025-01-30'),
(821, 64, 25, 1706250.00, '2025-01-30'),
(822, 62, 68000, 5100000000.00, '2025-01-30'),
(823, 6, 5, 320250.00, '2025-01-30'),
(824, 5, 5, 309750.00, '2025-01-30'),
(825, 22, 3, 228375.00, '2025-01-30'),
(826, 18, 3, 196875.00, '2025-01-30'),
(827, 6, 3, 192150.00, '2025-01-30'),
(828, 6, 2, 128100.00, '2025-01-30'),
(829, 15, 2, 152250.00, '2025-01-30'),
(830, 12, 1, 68250.00, '2025-01-30'),
(831, 62, 13900, 1042500000.00, '2025-01-29'),
(832, 4, 50, 2992500.00, '2025-01-29'),
(834, 6, 150, 9607500.00, '2025-01-29'),
(835, 6, 250, 16012500.00, '2025-01-28'),
(836, 53, 25, 1470000.00, '2025-01-28'),
(837, 55, 25, 1522500.00, '2025-01-28'),
(838, 7, 25, 1653750.00, '2025-01-28'),
(839, 60, 20, 315000.00, '2025-01-28'),
(840, 7, 19, 1256850.00, '2025-01-28'),
(841, 7, 5, 330750.00, '2025-01-28'),
(842, 6, 5, 320250.00, '2025-01-28'),
(843, 5, 5, 309750.00, '2025-01-28'),
(844, 4, 10, 598500.00, '2025-01-28'),
(845, 28, 10, 220500.00, '2025-01-28'),
(846, 50, 1, 136500.00, '2025-01-28'),
(847, 14, 1, 73500.00, '2025-01-28'),
(848, 46, 1, 168000.00, '2025-01-28'),
(849, 6, 25, 1601250.00, '2025-01-27'),
(850, 64, 25, 1706250.00, '2025-01-27'),
(851, 5, 5, 309750.00, '2025-01-27'),
(852, 64, 30, 2047500.00, '2025-01-27'),
(853, 9, 2, 136500.00, '2025-01-27'),
(854, 25, 1, 18900.00, '2025-01-27'),
(855, 15, 1, 76125.00, '2025-01-27'),
(856, 18, 1, 65625.00, '2025-01-27'),
(857, 22, 1, 76125.00, '2025-01-27'),
(858, 25, 10, 189000.00, '2025-01-27'),
(859, 28, 25, 551250.00, '2025-01-27'),
(860, 14, 300, 22050000.00, '2025-01-27'),
(861, 6, 50, 3202500.00, '2025-01-27'),
(862, 5, 50, 3097500.00, '2025-01-27'),
(863, 20, 20, 1417500.00, '2025-01-27'),
(864, 28, 300, 6615000.00, '2025-01-27'),
(865, 6, 50, 3202500.00, '2025-01-27'),
(866, 6, 50, 3202500.00, '2025-01-27'),
(867, 5, 50, 3097500.00, '2025-01-27'),
(868, 20, 20, 1417500.00, '2025-01-27'),
(869, 5, 12, 743400.00, '2025-01-27'),
(870, 64, 25, 1706250.00, '2025-01-27'),
(871, 15, 5, 380625.00, '2025-01-27'),
(872, 22, 15, 1141875.00, '2025-01-27'),
(873, 18, 6, 393750.00, '2025-01-27'),
(874, 25, 15, 283500.00, '2025-01-27'),
(875, 28, 15, 330750.00, '2025-01-27'),
(876, 64, 18, 1228500.00, '2025-01-27'),
(877, 15, 1, 76125.00, '2025-01-27'),
(878, 12, 1, 68250.00, '2025-01-27'),
(879, 22, 1, 76125.00, '2025-01-27'),
(880, 28, 15, 330750.00, '2025-01-27'),
(881, 5, 10, 619500.00, '2025-01-27'),
(882, 7, 10, 661500.00, '2025-01-27'),
(883, 25, 15, 283500.00, '2025-01-27'),
(884, 14, 15, 1102500.00, '2025-01-27'),
(885, 12, 1, 68250.00, '2025-01-27'),
(886, 14, 1, 73500.00, '2025-01-27'),
(887, 62, 170000, 12750000000.00, '2025-01-25'),
(888, 64, 12, 819000.00, '2025-01-25'),
(889, 64, 12, 819000.00, '2025-01-25'),
(890, 64, 3, 204750.00, '2025-01-25'),
(891, 6, 5, 320250.00, '2025-01-25'),
(892, 22, 5, 380625.00, '2025-01-25'),
(893, 22, 5, 380625.00, '2025-01-25'),
(894, 22, 2, 152250.00, '2025-01-25'),
(895, 15, 1, 76125.00, '2025-01-25'),
(896, 64, 25, 1706250.00, '2025-01-25'),
(897, 6, 25, 1601250.00, '2025-01-25'),
(898, 64, 20, 1365000.00, '2025-01-25'),
(899, 6, 20, 1281000.00, '2025-01-25'),
(900, 5, 20, 1239000.00, '2025-01-25'),
(901, 27, 10, 210000.00, '2025-01-25'),
(902, 28, 15, 330750.00, '2025-01-25'),
(903, 13, 1, 70875.00, '2025-01-25'),
(904, 7, 25, 1653750.00, '2025-01-21'),
(905, 6, 25, 1601250.00, '2025-01-21'),
(906, 7, 75, 4961250.00, '2025-01-21'),
(907, 5, 75, 4646250.00, '2025-01-21'),
(908, 4, 50, 2992500.00, '2025-01-21'),
(909, 38, 100, 8400000.00, '2025-01-23'),
(910, 5, 50, 3097500.00, '2025-01-23'),
(911, 6, 25, 1601250.00, '2025-01-23'),
(912, 7, 25, 1653750.00, '2025-01-23'),
(913, 37, 15, 1417500.00, '2025-01-24'),
(914, 4, 10, 598500.00, '2025-01-24'),
(915, 5, 15, 929250.00, '2025-01-24'),
(916, 6, 35, 2241750.00, '2025-01-24'),
(917, 62, 5000, 375000000.00, '2025-05-07'),
(918, 43, 17, 1249500.00, '2025-05-07'),
(919, 4, 20, 1197000.00, '2025-05-07'),
(920, 5, 20, 1239000.00, '2025-05-07'),
(921, 6, 20, 1281000.00, '2025-05-07'),
(922, 7, 15, 992250.00, '2025-05-07'),
(923, 72, 10, 230000.00, '2025-05-08'),
(924, 64, 1, 68250.00, '2025-05-08'),
(925, 2, 4, 210000.00, '2025-05-09'),
(926, 75, 6, 288000.00, '2025-05-09'),
(927, 25, 30, 567000.00, '2025-05-09'),
(928, 28, 30, 661500.00, '2025-05-09'),
(929, 5, 5, 309750.00, '2025-05-09'),
(930, 64, 10, 682500.00, '2025-05-09'),
(931, 12, 2, 136500.00, '2025-05-09'),
(932, 14, 1, 73500.00, '2025-05-09'),
(933, 25, 10, 189000.00, '2025-05-09'),
(934, 28, 5, 110250.00, '2025-05-09'),
(935, 64, 10, 682500.00, '2025-05-12'),
(936, 22, 7, 532875.00, '2025-05-12'),
(937, 28, 6, 132300.00, '2025-05-12'),
(938, 18, 3, 196875.00, '2025-05-12'),
(939, 12, 2, 136500.00, '2025-05-12'),
(940, 25, 6, 113400.00, '2025-05-12'),
(941, 20, 20, 1417500.00, '2025-05-13'),
(942, 6, 50, 3202500.00, '2025-05-13'),
(943, 7, 50, 3307500.00, '2025-05-13'),
(944, 4, 20, 1197000.00, '2025-05-13'),
(945, 6, 20, 1281000.00, '2025-05-13'),
(946, 7, 25, 1653750.00, '2025-05-13'),
(947, 28, 25, 551250.00, '2025-05-13'),
(948, 25, 5, 94500.00, '2025-05-13'),
(949, 4, 12, 718200.00, '2025-05-13'),
(950, 6, 6, 384300.00, '2025-05-13'),
(951, 64, 6, 409500.00, '2025-05-13'),
(952, 13, 1, 70875.00, '2025-05-13'),
(953, 25, 6, 113400.00, '2025-05-13'),
(954, 28, 6, 132300.00, '2025-05-13'),
(955, 7, 25, 1653750.00, '2025-05-13'),
(956, 6, 25, 1601250.00, '2025-05-13'),
(957, 5, 13, 805350.00, '2025-05-13'),
(958, 4, 12, 718200.00, '2025-05-13'),
(959, 6, 4, 256200.00, '2025-05-13'),
(960, 5, 4, 247800.00, '2025-05-13'),
(961, 4, 5, 299250.00, '2025-05-13'),
(962, 62, 12, 900000.00, '2025-05-14'),
(963, 64, 50, 3412500.00, '2025-05-14'),
(964, 4, 10, 598500.00, '2025-05-14'),
(965, 5, 30, 1858500.00, '2025-05-14'),
(966, 6, 50, 3202500.00, '2025-05-14'),
(967, 7, 10, 661500.00, '2025-05-14'),
(968, 38, 10, 840000.00, '2025-05-14'),
(969, 12, 1, 68250.00, '2025-05-14'),
(970, 25, 10, 189000.00, '2025-05-14'),
(971, 4, 12, 718200.00, '2025-05-14'),
(972, 5, 13, 805350.00, '2025-05-14'),
(973, 6, 75, 4803750.00, '2025-05-14'),
(974, 64, 13, 887250.00, '2025-05-14'),
(975, 4, 12, 718200.00, '2025-05-14'),
(976, 5, 25, 1548750.00, '2025-05-14'),
(977, 6, 25, 1601250.00, '2025-05-14'),
(978, 6, 50, 3202500.00, '2025-05-14'),
(979, 64, 75, 5118750.00, '2025-05-14'),
(980, 54, 31, 1757700.00, '2025-05-15'),
(981, 53, 31, 1822800.00, '2025-05-15'),
(982, 55, 31, 1887900.00, '2025-05-15'),
(983, 56, 32, 2016000.00, '2025-05-15'),
(984, 5, 10, 619500.00, '2025-05-16'),
(985, 64, 7, 477750.00, '2025-05-16'),
(986, 6, 10, 640500.00, '2025-05-16'),
(987, 20, 5, 354375.00, '2025-05-16'),
(988, 64, 10, 682500.00, '2025-05-16'),
(989, 13, 1, 70875.00, '2025-05-16'),
(990, 28, 10, 220500.00, '2025-05-16'),
(991, 5, 26, 1610700.00, '2025-05-16'),
(992, 64, 46, 3139500.00, '2025-05-16'),
(993, 15, 2, 152250.00, '2025-05-16'),
(994, 18, 3, 196875.00, '2025-05-16'),
(995, 22, 4, 304500.00, '2025-05-16'),
(996, 28, 70, 1543500.00, '2025-05-16'),
(997, 5, 12, 743400.00, '2025-05-16'),
(998, 28, 6, 132300.00, '2025-05-16'),
(999, 5, 10, 619500.00, '2025-05-16'),
(1000, 7, 10, 661500.00, '2025-05-16'),
(1001, 25, 15, 283500.00, '2025-05-16'),
(1002, 28, 15, 330750.00, '2025-05-16'),
(1003, 6, 50, 3202500.00, '2025-05-19'),
(1004, 7, 50, 3307500.00, '2025-05-19'),
(1005, 62, 10000, 750000000.00, '2025-05-19'),
(1006, 28, 50, 1102500.00, '2025-05-19'),
(1007, 64, 11, 750750.00, '2025-05-20'),
(1008, 6, 11, 704550.00, '2025-05-20'),
(1009, 13, 3, 212625.00, '2025-05-20'),
(1010, 7, 150, 9922500.00, '2025-05-20'),
(1011, 13, 40, 2835000.00, '2025-05-20'),
(1012, 5, 50, 3097500.00, '2025-05-20'),
(1013, 4, 50, 2992500.00, '2025-05-20'),
(1014, 6, 50, 3202500.00, '2025-05-20'),
(1015, 7, 25, 1653750.00, '2025-05-20'),
(1016, 14, 2, 147000.00, '2025-05-20'),
(1017, 28, 10, 220500.00, '2025-05-20'),
(1018, 6, 8, 512400.00, '2025-05-20'),
(1019, 5, 8, 495600.00, '2025-05-20'),
(1020, 4, 6, 359100.00, '2025-05-20'),
(1021, 11, 2, 131250.00, '2025-05-21'),
(1022, 11, 1, 65625.00, '2025-05-21'),
(1023, 70, 1, 62500.00, '2025-05-21'),
(1024, 70, 1, 62500.00, '2025-05-21'),
(1025, 4, 2, 119700.00, '2025-05-21'),
(1026, 4, 2, 119700.00, '2025-05-21'),
(1027, 14, 2, 147000.00, '2025-05-21'),
(1028, 14, 1, 73500.00, '2025-05-21'),
(1029, 21, 1, 73500.00, '2025-05-21'),
(1030, 21, 1, 73500.00, '2025-05-21'),
(1031, 7, 3, 198450.00, '2025-05-21'),
(1032, 7, 2, 132300.00, '2025-05-21'),
(1033, 14, 6, 441000.00, '2025-05-21'),
(1034, 25, 6, 113400.00, '2025-05-21'),
(1035, 50, 12, 1638000.00, '2025-05-21'),
(1036, 81, 12, 60000.00, '2025-05-21'),
(1037, 46, 10, 1680000.00, '2025-05-21'),
(1038, 43, 1, 73500.00, '2025-05-21'),
(1039, 44, 1, 73500.00, '2025-05-21'),
(1040, 16, 10, 813750.00, '2025-05-21'),
(1041, 74, 1, 78000.00, '2025-05-21'),
(1042, 30, 5, 94500.00, '2025-05-21'),
(1043, 25, 10, 189000.00, '2025-05-21'),
(1044, 18, 2, 131250.00, '2025-05-21'),
(1045, 12, 2, 136500.00, '2025-05-21'),
(1046, 18, 2, 131250.00, '2025-05-21'),
(1047, 12, 2, 136500.00, '2025-05-21'),
(1048, 5, 2, 123900.00, '2025-05-21'),
(1049, 28, 5, 110250.00, '2025-05-21'),
(1050, 22, 2, 152250.00, '2025-05-21'),
(1051, 64, 1, 68250.00, '2025-05-21'),
(1052, 15, 4, 304500.00, '2025-05-21'),
(1053, 15, 4, 304500.00, '2025-05-21'),
(1054, 22, 2, 152250.00, '2025-05-21'),
(1055, 22, 2, 152250.00, '2025-05-21'),
(1056, 12, 4, 273000.00, '2025-05-21'),
(1057, 12, 4, 273000.00, '2025-05-21'),
(1058, 18, 2, 131250.00, '2025-05-21'),
(1059, 18, 2, 131250.00, '2025-05-21'),
(1060, 6, 10, 640500.00, '2025-05-21'),
(1061, 9, 10, 682500.00, '2025-05-21'),
(1062, 41, 3, 78750.00, '2025-05-21'),
(1063, 39, 5, 131250.00, '2025-05-21'),
(1064, 6, 13, 832650.00, '2025-05-22'),
(1065, 72, 1160, 42920000.00, '2025-05-22'),
(1066, 72, 1183, 43771000.00, '2025-05-22'),
(1067, 5, 15, 929250.00, '2025-05-22'),
(1068, 6, 14, 896700.00, '2025-05-22'),
(1069, 64, 15, 1023750.00, '2025-05-22'),
(1070, 27, 10, 210000.00, '2025-05-22'),
(1071, 28, 10, 220500.00, '2025-05-22'),
(1072, 6, 200, 12810000.00, '2025-05-23'),
(1073, 7, 15, 992250.00, '2025-05-23'),
(1074, 6, 12, 768600.00, '2025-05-23'),
(1075, 5, 7, 433650.00, '2025-05-23'),
(1076, 27, 15, 315000.00, '2025-05-23'),
(1077, 7, 15, 992250.00, '2025-05-23'),
(1078, 6, 12, 768600.00, '2025-05-23'),
(1079, 5, 7, 433650.00, '2025-05-23'),
(1080, 6, 30, 1921500.00, '2025-05-28'),
(1081, 7, 30, 1984500.00, '2025-05-28'),
(1082, 7, 25, 1653750.00, '2025-05-28'),
(1083, 6, 25, 1601250.00, '2025-05-28'),
(1084, 5, 15, 929250.00, '2025-05-28'),
(1085, 4, 10, 598500.00, '2025-05-28'),
(1086, 50, 2, 273000.00, '2025-05-28'),
(1087, 4, 11, 658350.00, '2025-05-27'),
(1088, 6, 11, 704550.00, '2025-05-27'),
(1089, 78, 11, 767800.00, '2025-05-27'),
(1090, 62, 2000, 150000000.00, '2025-05-27'),
(1091, 62, 36000, 2700000000.00, '2025-05-26'),
(1092, 64, 275, 18768750.00, '2025-05-26'),
(1093, 6, 100, 6405000.00, '2025-05-26'),
(1094, 4, 150, 8977500.00, '2025-05-26'),
(1095, 6, 75, 4803750.00, '2025-05-26'),
(1096, 7, 25, 1653750.00, '2025-05-26'),
(1097, 45, 2, 252000.00, '2025-05-26'),
(1098, 82, 1, 110000.00, '2025-05-26');

-- --------------------------------------------------------

--
-- Estructura de tabla para la tabla `users`
--

CREATE TABLE `users` (
  `id` int(11) UNSIGNED NOT NULL,
  `name` varchar(60) NOT NULL,
  `username` varchar(50) NOT NULL,
  `password` varchar(255) NOT NULL,
  `user_level` int(11) NOT NULL,
  `image` varchar(255) DEFAULT 'no_image.jpg',
  `status` int(1) NOT NULL,
  `last_login` datetime DEFAULT NULL
) ENGINE=InnoDB DEFAULT CHARSET=latin1 COLLATE=latin1_swedish_ci;

--
-- Volcado de datos para la tabla `users`
--

INSERT INTO `users` (`id`, `name`, `username`, `password`, `user_level`, `image`, `status`, `last_login`) VALUES
(1, 'Admin Users', 'admin', 'd033e22ae348aeb5660fc2140aec35850c4da997', 1, 'pzg9wa7o1.jpg', 1, '2025-05-29 19:58:07'),
(3, 'Default User', 'user', '12dea96fec20593566ab75692c9949596833adc9', 3, 'no_image.jpg', 1, '2017-06-16 07:11:03');

-- --------------------------------------------------------

--
-- Estructura de tabla para la tabla `user_groups`
--

CREATE TABLE `user_groups` (
  `id` int(11) NOT NULL,
  `group_name` varchar(150) NOT NULL,
  `group_level` int(11) NOT NULL,
  `group_status` int(1) NOT NULL
) ENGINE=InnoDB DEFAULT CHARSET=latin1 COLLATE=latin1_swedish_ci;

--
-- Volcado de datos para la tabla `user_groups`
--

INSERT INTO `user_groups` (`id`, `group_name`, `group_level`, `group_status`) VALUES
(1, 'Admin', 1, 1),
(3, 'User', 3, 1);

--
-- Índices para tablas volcadas
--

--
-- Indices de la tabla `categories`
--
ALTER TABLE `categories`
  ADD PRIMARY KEY (`id`),
  ADD UNIQUE KEY `name` (`name`);

--
-- Indices de la tabla `media`
--
ALTER TABLE `media`
  ADD PRIMARY KEY (`id`),
  ADD KEY `id` (`id`);

--
-- Indices de la tabla `products`
--
ALTER TABLE `products`
  ADD PRIMARY KEY (`id`),
  ADD UNIQUE KEY `name` (`name`),
  ADD KEY `categorie_id` (`categorie_id`),
  ADD KEY `media_id` (`media_id`);

--
-- Indices de la tabla `sales`
--
ALTER TABLE `sales`
  ADD PRIMARY KEY (`id`),
  ADD KEY `product_id` (`product_id`);

--
-- Indices de la tabla `users`
--
ALTER TABLE `users`
  ADD PRIMARY KEY (`id`),
  ADD UNIQUE KEY `username` (`username`),
  ADD KEY `user_level` (`user_level`);

--
-- Indices de la tabla `user_groups`
--
ALTER TABLE `user_groups`
  ADD PRIMARY KEY (`id`),
  ADD UNIQUE KEY `group_level` (`group_level`);

--
-- AUTO_INCREMENT de las tablas volcadas
--

--
-- AUTO_INCREMENT de la tabla `categories`
--
ALTER TABLE `categories`
  MODIFY `id` int(11) UNSIGNED NOT NULL AUTO_INCREMENT, AUTO_INCREMENT=14;

--
-- AUTO_INCREMENT de la tabla `media`
--
ALTER TABLE `media`
  MODIFY `id` int(11) UNSIGNED NOT NULL AUTO_INCREMENT, AUTO_INCREMENT=20;

--
-- AUTO_INCREMENT de la tabla `products`
--
ALTER TABLE `products`
  MODIFY `id` int(11) UNSIGNED NOT NULL AUTO_INCREMENT, AUTO_INCREMENT=83;

--
-- AUTO_INCREMENT de la tabla `sales`
--
ALTER TABLE `sales`
  MODIFY `id` int(11) UNSIGNED NOT NULL AUTO_INCREMENT, AUTO_INCREMENT=1099;

--
-- AUTO_INCREMENT de la tabla `users`
--
ALTER TABLE `users`
  MODIFY `id` int(11) UNSIGNED NOT NULL AUTO_INCREMENT, AUTO_INCREMENT=10;

--
-- AUTO_INCREMENT de la tabla `user_groups`
--
ALTER TABLE `user_groups`
  MODIFY `id` int(11) NOT NULL AUTO_INCREMENT, AUTO_INCREMENT=4;

--
-- Restricciones para tablas volcadas
--

--
-- Filtros para la tabla `products`
--
ALTER TABLE `products`
  ADD CONSTRAINT `FK_products` FOREIGN KEY (`categorie_id`) REFERENCES `categories` (`id`) ON DELETE CASCADE ON UPDATE CASCADE;

--
-- Filtros para la tabla `sales`
--
ALTER TABLE `sales`
  ADD CONSTRAINT `SK` FOREIGN KEY (`product_id`) REFERENCES `products` (`id`) ON DELETE CASCADE ON UPDATE CASCADE;

--
-- Filtros para la tabla `users`
--
ALTER TABLE `users`
  ADD CONSTRAINT `FK_user` FOREIGN KEY (`user_level`) REFERENCES `user_groups` (`group_level`) ON DELETE CASCADE ON UPDATE CASCADE;
COMMIT;

/*!40101 SET CHARACTER_SET_CLIENT=@OLD_CHARACTER_SET_CLIENT */;
/*!40101 SET CHARACTER_SET_RESULTS=@OLD_CHARACTER_SET_RESULTS */;
/*!40101 SET COLLATION_CONNECTION=@OLD_COLLATION_CONNECTION */;
